<!-- Metadata tags to support XML file editing -->
<!-- author= Bruce Devlin (bruce@mrmxf.com) -->
<!-- summary_of_edit= Elements Register for ST 381-5 -->

<ElementsRegister xmlns="http://www.smpte-ra.org/schemas/335/2012">
    <Entries>
        <Entry>
            <Register>Elements</Register>
            <NamespaceName>http://www.smpte-ra.org/reg/335/2012</NamespaceName>
            <Symbol>VC6Parameters</Symbol>
            <UL>urn:smpte:ul:060e2b34.0101010e.04010606.02000000</UL>
            <Kind>NODE</Kind>
            <Name>VC6 Parameters</Name>
            <Definition>Parameters about VC6 Picture Coding</Definition>
            <IsDeprecated>false</IsDeprecated>
        </Entry>
        <Entry>
            <Register>Elements</Register>
            <NamespaceName>http://www.smpte-ra.org/reg/335/2012</NamespaceName>
            <Symbol>VC6UpsamplerArray</Symbol>
            <UL>urn:smpte:ul:060e2b34.0101010e.04010606.02010101</UL>
            <Kind>Leaf</Kind>
            <Name>VC6 Parameters</Name>
            <Definition>Oredered MXF array of UInt8 Upsampler indices values</Definition>
            <IsDeprecated>false</IsDeprecated>
            <Type>urn:smpte:ul:060e2b34.01040101.04010100.00000000</Type>
        </Entry>
        <Entry>
            <Register>Elements</Register>
            <NamespaceName>http://www.smpte-ra.org/reg/335/2012</NamespaceName>
            <Symbol>VC6FixedUpsampler</Symbol>
            <UL>urn:smpte:ul:060e2b34.0101010e.04010606.02010102</UL>
            <Kind>Leaf</Kind>
            <Name>VC6 Fixed Upsampler</Name>
            <Definition>Upsampler Identified in the bitstream for ideal reconstruction</Definition>
            <IsDeprecated>false</IsDeprecated>
            <Type>urn:smpte:ul:060e2b34.01040101.01010100.00000000</Type>
        </Entry>
        <Entry>
            <Register>Elements</Register>
            <NamespaceName>http://www.smpte-ra.org/reg/335/2012</NamespaceName>
            <Symbol>VC6FixedUpsampler</Symbol>
            <UL>urn:smpte:ul:060e2b34.0101010e.04010606.02010102</UL>
            <Kind>Leaf</Kind>
            <Name>VC6 Fixed Upsampler</Name>
            <Definition>The Upsampler Identified in the bitstream for ideal reconstruction</Definition>
            <IsDeprecated>false</IsDeprecated>
        </Entry>

    </Entries>
</ElementsRegister>
