<!-- Metadata tags to support XML file editing -->
<!-- author= Tatsuji Yamazaki (Tatsuji.Yamazaki@sony.com) -->
<!-- summary_of_edit= Groups Register for ST 381-5 -->
<!--  -->
<!-- DO NOT EDIT THIS TAG -->
<!-- master_commit_tag=v000000081 -->
<!-- DO NOT EDIT THIS TAG -->
<!--  -->
<GroupsRegister xmlns="http://www.smpte-ra.org/ns/395/2016">
    <Entries>
        <Entry>
            <Register>Groups</Register>
            <NamespaceName>http://www.smpte-ra.org/reg/395/2014/13/1/aaf</NamespaceName>
            <Symbol>ST2117SubDescriptor</Symbol>
            <UL>urn:smpte:ul:060e2b34.027f0101.0d010101.01018110</UL><!-- HEVC subdescriptor +0xf -->
            <Kind>LEAF</Kind>
            <Name>ST 2117 Sub-Descriptor</Name>
            <Definition>ST 2117 Sub-Descriptor</Definition>
            <DefiningDocument>SMPTE ST 2117-1</DefiningDocument>
            <IsDeprecated>false</IsDeprecated>
            <Parent>urn:smpte:ul:060e2b34.027f0101.0d010101.01015900</Parent>
            <IsConcrete>true</IsConcrete>
            <KLVSyntax>06 53</KLVSyntax>
            <Contents>
                <Record>
                    <UL></UL>
                    <IsOptional>true</IsOptional>
                </Record>
                <Record>
                    <UL></UL>
                    <IsOptional>true</IsOptional>
                </Record>
                <Record>
                    <UL></UL>
                    <IsOptional>true</IsOptional>
                </Record>
                <Record>
                    <UL></UL>
                    <IsOptional>true</IsOptional>
                </Record>
            </Contents>
        </Entry>
    </Entries>
</GroupsRegister>
