<!-- Metadata tags to support XML file editing -->
<!-- author= Bruce Devlin (bruce@mrmxf.com) -->
<!-- summary_of_edit= Labels Register for ST 2117-10 -->
<LabelsRegister xmlns="http://www.smpte-ra.org/schemas/400/2012">
    <Entries>
        <!-- Essence Container Labels -->
        <Entry>
            <Register>Labels</Register>
            <NamespaceName>http://www.smpte-ra.org/reg/400/2012</NamespaceName>
            <Symbol>MXFGCVC6BitstreamTypes</Symbol>
            <UL>urn:smpte:ul:060e2b34.0401010d.0d010301.02240000</UL>
            <Kind>NODE</Kind>
            <Name>MXF-GC VC-6 bitstream Typess</Name>
            <Definition>Identifies VC-6 bitstream Types in MXF</Definition>
            <DefiningDocument>SMPTE ST 2117-10</DefiningDocument>
            <IsDeprecated>false</IsDeprecated>
        </Entry>
        <Entry>
            <Register>Labels</Register>
            <NamespaceName>http://www.smpte-ra.org/reg/400/2012</NamespaceName>
            <Symbol>MXFGCVC6FrameWrappedGenericBitstream</Symbol>
            <UL>urn:smpte:ul:060e2b34.0401010d.0d010301.02240100</UL>
            <Kind>LEAF</Kind>
            <Name>VC6 Frame Wrapped Generic bitstream</Name>
            <Definition>Identifies VC-6 Frame Wrapped Generic bitstreams in MXF</Definition>
            <DefiningDocument>SMPTE ST 2117-10</DefiningDocument>
            <IsDeprecated>false</IsDeprecated>
        </Entry>
        <Entry>
            <Register>Labels</Register>
            <NamespaceName>http://www.smpte-ra.org/reg/400/2012</NamespaceName>
            <Symbol>MXFGCVC6FrameWrappedProgressivePictures</Symbol>
            <UL>urn:smpte:ul:060e2b34.0401010d.0d010301.02240200</UL>
            <Kind>LEAF</Kind>
            <Name>VC6 Frame Wrapped Progressive Pictures</Name>
            <Definition>Identifies VC-6 bitstreams of Progressive Pictures in MXF</Definition>
            <DefiningDocument>SMPTE ST 2117-10</DefiningDocument>
            <IsDeprecated>false</IsDeprecated>
        </Entry>
        <Entry>
            <Register>Labels</Register>
            <NamespaceName>http://www.smpte-ra.org/reg/400/2012</NamespaceName>
            <Symbol>MXFGCVC6FrameWrappedInterlacedPictures</Symbol>
            <UL>urn:smpte:ul:060e2b34.0401010d.0d010301.02240300</UL>
            <Kind>LEAF</Kind>
            <Name>VC6 Frame Wrapped Interlaced Pictures</Name>
            <Definition>Identifies VC-6 bitstreams of Interlaced Pictures in MXF</Definition>
            <DefiningDocument>SMPTE ST 2117-10</DefiningDocument>
            <IsDeprecated>false</IsDeprecated>
        </Entry>
        <!-- Picture Essence Coding Labels -->
        <Entry>
            <Register>Labels</Register>
            <NamespaceName>http://www.smpte-ra.org/reg/400/2012</NamespaceName>
            <Symbol>VC6Bitstreams</Symbol>
            <UL>urn:smpte:ul:060e2b34.0401010d.04010202.01470000</UL>
            <Kind>NODE</Kind>
            <Name>VC-6 bitstreams</Name>
            <Definition>Identifies VC-6 Picture Coding bitstreams</Definition>
            <DefiningDocument>SMPTE ST 2117-10</DefiningDocument>
            <IsDeprecated>false</IsDeprecated>
        </Entry>
        <Entry>
            <Register>Labels</Register>
            <NamespaceName>http://www.smpte-ra.org/reg/400/2012</NamespaceName>
            <Symbol>VC6UnrestrictedBitstream</Symbol>
            <UL>urn:smpte:ul:060e2b34.0401010d.0d010301.02210100</UL>
            <Kind>LEAF</Kind>
            <Name>VC-6 Unrestricted bitstream</Name>
            <Definition>Identifies a VC-6 bitstream with no constraints</Definition>
            <DefiningDocument>SMPTE ST 2117-10</DefiningDocument>
            <IsDeprecated>false</IsDeprecated>
        </Entry>
    </Entries>
</LabelsRegister>
