<!-- Metadata tags to support XML file editing -->
<!-- author= Tatsuji Yamazaki (Tatsuji.Yamazaki@sony.com) -->
<!-- summary_of_edit= Groups Register for ST 381-5 -->
<!--  -->
<!-- DO NOT EDIT THIS TAG -->
<!-- master_commit_tag=v000000081 -->
<!-- DO NOT EDIT THIS TAG -->
<!--  -->
<GroupsRegister xmlns="http://www.smpte-ra.org/ns/395/2016">
    <Entries>
        <Entry>
            <Register>Groups</Register>
            <NamespaceName>http://www.smpte-ra.org/reg/395/2014/13/1/aaf</NamespaceName>
            <Symbol>HEVCSubDescriptor</Symbol>
            <UL>urn:smpte:ul:060e2b34.027f0101.0d010101.01018101</UL>
            <Kind>LEAF</Kind>
            <Name>HEVC Sub-Descriptor</Name>
            <Definition>HEVC Sub-Descriptor</Definition>
            <DefiningDocument>SMPTE ST 381-5</DefiningDocument>
            <IsDeprecated>false</IsDeprecated>
            <Parent>urn:smpte:ul:060e2b34.027f0101.0d010101.01015900</Parent>
            <IsConcrete>true</IsConcrete>
            <KLVSyntax>06 53</KLVSyntax>
            <Contents>
                <Record>
                    <UL>urn:smpte:ul:060e2b34.0101010e.04010606.02030000</UL>
                    <IsOptional>true</IsOptional>
                </Record>
                <Record>
                    <UL>urn:smpte:ul:060e2b34.0101010e.04010606.02040000</UL>
                    <IsOptional>true</IsOptional>
                </Record>
                <Record>
                    <UL>urn:smpte:ul:060e2b34.0101010e.04010606.02060000</UL>
                    <IsOptional>true</IsOptional>
                </Record>
                <Record>
                    <UL>urn:smpte:ul:060e2b34.0101010e.04010606.02070000</UL>
                    <IsOptional>true</IsOptional>
                </Record>
                <Record>
                    <UL>urn:smpte:ul:060e2b34.0101010e.04010606.02080000</UL>
                    <IsOptional>true</IsOptional>
                </Record>
                <Record>
                    <UL>urn:smpte:ul:060e2b34.0101010e.04010606.02090000</UL>
                    <IsOptional>true</IsOptional>
                </Record>
                <Record>
                    <UL>urn:smpte:ul:060e2b34.0101010e.04010606.020a0000</UL>
                    <IsOptional>true</IsOptional>
                </Record>
                <Record>
                    <UL>urn:smpte:ul:060e2b34.0101010e.04010606.020b0000</UL>
                    <IsOptional>true</IsOptional>
                </Record>
                <Record>
                    <UL>urn:smpte:ul:060e2b34.0101010e.04010606.020c0000</UL>
                    <IsOptional>true</IsOptional>
                </Record>
                <Record>
                    <UL>urn:smpte:ul:060e2b34.0101010e.04010606.020d0000</UL>
                    <IsOptional>true</IsOptional>
                </Record>
                <Record>
                    <UL>urn:smpte:ul:060e2b34.0101010e.04010606.020e0000</UL>
                    <IsOptional>false</IsOptional>
                </Record>
                <Record>
                    <UL>urn:smpte:ul:060e2b34.0101010e.04010606.020f0000</UL>
                    <IsOptional>true</IsOptional>
                </Record>
                <Record>
                    <UL>urn:smpte:ul:060e2b34.0101010e.04010606.02100000</UL>
                    <IsOptional>true</IsOptional>
                </Record>
                <Record>
                    <UL>urn:smpte:ul:060e2b34.0101010e.04010606.02110000</UL>
                    <IsOptional>true</IsOptional>
                </Record>
                <Record>
                    <UL>urn:smpte:ul:060e2b34.0101010e.04010606.02120000</UL>
                    <IsOptional>true</IsOptional>
                </Record>
                <Record>
                    <UL>urn:smpte:ul:060e2b34.0101010e.04010606.02130000</UL>
                    <IsOptional>true</IsOptional>
                </Record>
                <Record>
                    <UL>urn:smpte:ul:060e2b34.0101010e.04010606.02140000</UL>
                    <IsOptional>true</IsOptional>
                </Record>
                <Record>
                    <UL>urn:smpte:ul:060e2b34.0101010e.04010606.02150000</UL>
                    <IsOptional>true</IsOptional>
                </Record>
                <Record>
                    <UL>urn:smpte:ul:060e2b34.0101010e.04010606.02160000</UL>
                    <IsOptional>true</IsOptional>
                </Record>
                <Record>
                    <UL>urn:smpte:ul:060e2b34.0101010e.04010606.02170000</UL>
                    <IsOptional>true</IsOptional>
                </Record>
                <Record>
                    <UL>urn:smpte:ul:060e2b34.0101010e.04010606.02180000</UL>
                    <IsOptional>true</IsOptional>
                </Record>
                <Record>
                    <UL>urn:smpte:ul:060e2b34.0101010e.04010606.02190000</UL>
                    <IsOptional>true</IsOptional>
                </Record>
                <Record>
                    <UL>urn:smpte:ul:060e2b34.0101010e.04010606.021a0000</UL>
                    <IsOptional>true</IsOptional>
                </Record>
                <Record>
                    <UL>urn:smpte:ul:060e2b34.0101010e.04010606.021b0000</UL>
                    <IsOptional>true</IsOptional>
                </Record>
            </Contents>
        </Entry>
    </Entries>
</GroupsRegister>
