<!-- Metadata tags to support XML file editing -->
<!-- author= Bruce Devlin (bruce@mrmxf.com) -->
<!-- summary_of_edit= Elements Register for ST 381-5 -->

<ElementsRegister xmlns="http://www.smpte-ra.org/schemas/335/2012">
    <Entries>
        <Entry>
            <Register>Elements</Register>
            <NamespaceName>http://www.smpte-ra.org/reg/335/2012</NamespaceName>
            <Symbol>VC6Parameters</Symbol>
            <UL>urn:smpte:ul:060e2b34.0101010e.04010606.02000000</UL>
            <Kind>NODE</Kind>
            <Name>VC6 Parameters</Name>
            <Definition>Parameters about VC6 Picture Coding</Definition>
            <DefiningDocument>ST 2117-10</DefiningDocument>
            <IsDeprecated>false</IsDeprecated>
        </Entry>
        <Entry>
            <Register>Elements</Register>
            <NamespaceName>http://www.smpte-ra.org/reg/335/2012</NamespaceName>
            <Symbol>VC6GCUpsamplersBatch</Symbol>
            <UL>urn:smpte:ul:060e2b34.0101010e.04010606.02010101</UL>
            <Kind>LEAF</Kind>
            <Name>VC 6GC Upsamplers Batch</Name>
            <Definition>Unordered Batch of UInt8 Upsampler Indices used in the Generic Container</Definition>
            <DefiningDocument>ST 2117-10</DefiningDocument>
            <IsDeprecated>false</IsDeprecated>
            <Type>urn:smpte:ul:060e2b34.01040101.0d020101.03450000</Type>
        </Entry>
        <Entry>
            <Register>Elements</Register>
            <NamespaceName>http://www.smpte-ra.org/reg/335/2012</NamespaceName>
            <Symbol>VC6ShortcutVectorsBatch</Symbol>
            <UL>urn:smpte:ul:060e2b34.0101010e.04010606.02010102</UL>
            <Kind>LEAF</Kind>
            <Name>VC6 Shortcut Vector Range</Name>
            <Definition>Unordered Batch of unique UInt16 ShortcutVector values used in the Generic Container</Definition>
            <DefiningDocument>ST 2117-10</DefiningDocument>
            <IsDeprecated>false</IsDeprecated>
            <Type>urn:smpte:ul:060e2b34.01040101.0d020101.03450000</Type>
        </Entry>
        <Entry>
            <Register>Elements</Register>
            <NamespaceName>http://www.smpte-ra.org/reg/335/2012</NamespaceName>
            <Symbol>VC6Lossless</Symbol>
            <UL>urn:smpte:ul:060e2b34.0101010e.04010606.02010103</UL>
            <Kind>LEAF</Kind>
            <Name>VC6 Lossless</Name>
            <Definition>Non-zero if the encoder created a lossless bitstream</Definition>
            <DefiningDocument>ST 2117-10</DefiningDocument>
            <IsDeprecated>false</IsDeprecated>
            <Type>urn:smpte:ul:060e2b34.01040101.01010100.00000000</Type>
        </Entry>
        <Entry>
            <Register>Elements</Register>
            <NamespaceName>http://www.smpte-ra.org/reg/335/2012</NamespaceName>
            <Symbol>VC6CBR</Symbol>
            <UL>urn:smpte:ul:060e2b34.0101010e.04010606.02010104</UL>
            <Kind>LEAF</Kind>
            <Name>VC6 CBR</Name>
            <Definition>Non-zero if the encoder intended a constant bitrate stream</Definition>
            <DefiningDocument>ST 2117-10</DefiningDocument>
            <IsDeprecated>false</IsDeprecated>
            <Type>urn:smpte:ul:060e2b34.01040101.01010100.00000000</Type>
        </Entry>
        <Entry>
            <Register>Elements</Register>
            <NamespaceName>http://www.smpte-ra.org/reg/335/2012</NamespaceName>
            <Symbol>VC6Bitrate</Symbol>
            <UL>urn:smpte:ul:060e2b34.0101010e.04010606.02010105</UL>
            <Kind>LEAF</Kind>
            <Name>VC6 Bitrate</Name>
            <Definition>Target CBR Bitrate or Maximum VBR bitrate in bits per second</Definition>
            <DefiningDocument>ST 2117-10</DefiningDocument>
            <IsDeprecated>false</IsDeprecated>
            <Type>urn:smpte:ul:060e2b34.01040101.01010400.00000000</Type>
        </Entry>
        <Entry>
            <Register>Elements</Register>
            <NamespaceName>http://www.smpte-ra.org/reg/335/2012</NamespaceName>
            <Symbol>VC6CompressedFrameMax</Symbol>
            <UL>urn:smpte:ul:060e2b34.0101010e.04010606.02010106</UL>
            <Kind>LEAF</Kind>
            <Name>VC6 Compressed Frame Max</Name>
            <Definition>Maximum Size of a Compressed Frame in the Generic Container</Definition>
            <DefiningDocument>ST 2117-10</DefiningDocument>
            <IsDeprecated>false</IsDeprecated>
            <Type>urn:smpte:ul:060e2b34.01040101.01010400.00000000</Type>
        </Entry>
        <Entry>
            <Register>Elements</Register>
            <NamespaceName>http://www.smpte-ra.org/reg/335/2012</NamespaceName>
            <Symbol>VC6CompressedFrameAvg</Symbol>
            <UL>urn:smpte:ul:060e2b34.0101010e.04010606.02010107</UL>
            <Kind>LEAF</Kind>
            <Name>VC6 Compressed Frame Avg</Name>
            <Definition>Average Size of a Compressed Frame in the Generic Container</Definition>
            <DefiningDocument>ST 2117-10</DefiningDocument>
            <IsDeprecated>false</IsDeprecated>
            <Type>urn:smpte:ul:060e2b34.01040101.01010400.00000000</Type>
        </Entry>
        <Entry>
            <Register>Elements</Register>
            <NamespaceName>http://www.smpte-ra.org/reg/335/2012</NamespaceName>
            <Symbol>VC6MaxNoOfEchelons</Symbol>
            <UL>urn:smpte:ul:060e2b34.0101010e.04010606.02010108</UL>
            <Kind>LEAF</Kind>
            <Name>VC6 Max No Of Echelons</Name>
            <Definition>Maximum Number of Echelons in any Frame in the Generic Container</Definition>
            <DefiningDocument>ST 2117-10</DefiningDocument>
            <IsDeprecated>false</IsDeprecated>
            <Type>urn:smpte:ul:060e2b34.01040101.01010100.00000000</Type>
        </Entry>
        <Entry>
            <Register>Elements</Register>
            <NamespaceName>http://www.smpte-ra.org/reg/335/2012</NamespaceName>
            <Symbol>VC6EchelonVector</Symbol>
            <UL>urn:smpte:ul:060e2b34.0101010e.04010606.02010109</UL>
            <Kind>LEAF</Kind>
            <Name>File Descriptors</Name>
            <Definition>Specifies a vector of an ordered set of references to VC6EchelonProperties sets</Definition>
            <DefiningDocument>ST 2117-10</DefiningDocument>
            <IsDeprecated>false</IsDeprecated>
            <ContextScope>UnknownContext</ContextScope>
            <Type>urn:smpte:ul:060e2b34.01040101.05060e01.00000000</Type>
            <ValueLength>Variable</ValueLength>
        </Entry>
        <Entry>
            <Register>Elements</Register>
            <NamespaceName>http://www.smpte-ra.org/reg/335/2012</NamespaceName>
            <Symbol>VC6EchelonIndex</Symbol>
            <UL>urn:smpte:ul:060e2b34.0101010e.04010606.0201010a</UL>
            <Kind>LEAF</Kind>
            <Name>VC6 Echelon Index</Name>
            <Definition>Signed Index of this Echelon as identified in ST 2117-1:2020 §4.8.9</Definition>
            <DefiningDocument>ST 2117-10</DefiningDocument>
            <IsDeprecated>false</IsDeprecated>
            <Type>urn:smpte:ul:060e2b34.01040101.01010300.00000000</Type>
        </Entry>
        <Entry>
            <Register>Elements</Register>
            <NamespaceName>http://www.smpte-ra.org/reg/335/2012</NamespaceName>
            <Symbol>VC6SampledHeight</Symbol>
            <UL>urn:smpte:ul:060e2b34.0101010e.04010606.0201010b</UL>
            <Kind>LEAF</Kind>
            <Name>VC6 Sampled Height</Name>
            <Definition>Sampled Height of the recontituted pixel grid</Definition>
            <DefiningDocument>ST 2117-10</DefiningDocument>
            <IsDeprecated>false</IsDeprecated>
            <Type>urn:smpte:ul:060e2b34.01040101.01010300.00000000</Type>
        </Entry>
        <Entry>
            <Register>Elements</Register>
            <NamespaceName>http://www.smpte-ra.org/reg/335/2012</NamespaceName>
            <Symbol>VC6SampledWidth</Symbol>
            <UL>urn:smpte:ul:060e2b34.0101010e.04010606.0201010c</UL>
            <Kind>LEAF</Kind>
            <Name>VC6 Sampled Width</Name>
            <Definition>Sampled Width of the reconstituted pixel grid</Definition>
            <IsDeprecated>false</IsDeprecated>
            <Type>urn:smpte:ul:060e2b34.01040101.01010300.00000000</Type>
        </Entry>
    </Entries>
</ElementsRegister>
