<?xml version="1.0" encoding="utf-8"?>
<!-- <?xml-model href="../../register-snapshot/ElementsRegister.xsd" ?> -->
<!--                                                                    -->
<!-- Metadata tags to support XML file editing                          -->
<!-- author= Bruce Devlin (bruce@mrmxf.com)                             -->
<!-- summary_of_edit= Elemenets Register for ST 2117-10 VC-6 in MXF     -->
<!--                                                                    -->
<!-- DO NOT EDIT THIS TAG -->
<!-- master_commit_tag=v000000082 -->
<!-- DO NOT EDIT THIS TAG -->
<!--                                                                    -->

<ElementsRegister xmlns="http://www.smpte-ra.org/schemas/335/2012">
    <Entries>
        <Entry>
            <Register>Elements</Register>
            <NamespaceName>http://www.smpte-ra.org/reg/335/2012</NamespaceName>
            <Symbol>VC6Parameters</Symbol>
            <UL>urn:smpte:ul:060e2b34.0101010e.0401060d.00000000</UL>
            <Kind>NODE</Kind>
            <Name>VC6 Parameters</Name>
            <Definition>Parameters about VC6 Picture Coding</Definition>
            <DefiningDocument>SMPTE ST 2117-10</DefiningDocument>
            <IsDeprecated>false</IsDeprecated>
        </Entry>
        <Entry>
            <Register>Elements</Register>
            <NamespaceName>http://www.smpte-ra.org/reg/335/2012</NamespaceName>
            <Symbol>VC6GCUpsamplersBatch</Symbol>
            <UL>urn:smpte:ul:060e2b34.0101010e.0401060d.01000000</UL>
            <Kind>LEAF</Kind>
            <Name>VC6 GC Upsamplers Batch</Name>
            <Definition>Unordered Batch of UInt8 Upsampler Indices used in the Generic Container</Definition>
            <DefiningDocument>SMPTE ST 2117-10</DefiningDocument>
            <IsDeprecated>false</IsDeprecated>
            <ContextScope>DefinedContext</ContextScope>
            <Type>urn:smpte:ul:060e2b34.01040101.0d020101.03450000</Type>
        </Entry>
        <Entry>
            <Register>Elements</Register>
            <NamespaceName>http://www.smpte-ra.org/reg/335/2012</NamespaceName>
            <Symbol>VC6ShortcutVectorsBatch</Symbol>
            <UL>urn:smpte:ul:060e2b34.0101010e.0401060d.02000000</UL>
            <Kind>LEAF</Kind>
            <Name>VC6 Shortcut Vector Range</Name>
            <Definition>Unordered Batch of unique UInt16 ShortcutVector values used in the Generic Container</Definition>
            <DefiningDocument>SMPTE ST 2117-10</DefiningDocument>
            <IsDeprecated>false</IsDeprecated>
            <ContextScope>DefinedContext</ContextScope>
            <Type>urn:smpte:ul:060e2b34.01040101.0d020101.03450000</Type>
        </Entry>
        <Entry>
            <Register>Elements</Register>
            <NamespaceName>http://www.smpte-ra.org/reg/335/2012</NamespaceName>
            <Symbol>VC6Lossless</Symbol>
            <UL>urn:smpte:ul:060e2b34.0101010e.0401060d.03000000</UL>
            <Kind>LEAF</Kind>
            <Name>VC6 Lossless</Name>
            <Definition>Non-zero if the encoder created a lossless bitstream</Definition>
            <DefiningDocument>SMPTE ST 2117-10</DefiningDocument>
            <IsDeprecated>false</IsDeprecated>
            <ContextScope>DefinedContext</ContextScope>
            <Type>urn:smpte:ul:060e2b34.01040101.01010100.00000000</Type>
        </Entry>
        <Entry>
            <Register>Elements</Register>
            <NamespaceName>http://www.smpte-ra.org/reg/335/2012</NamespaceName>
            <Symbol>VC6CBR</Symbol>
            <UL>urn:smpte:ul:060e2b34.0101010e.0401060d.04000000</UL>
            <Kind>LEAF</Kind>
            <Name>VC6 CBR</Name>
            <Definition>Non-zero if the encoder intended a constant bitrate stream</Definition>
            <DefiningDocument>SMPTE ST 2117-10</DefiningDocument>
            <IsDeprecated>false</IsDeprecated>
            <ContextScope>DefinedContext</ContextScope>
            <Type>urn:smpte:ul:060e2b34.01040101.01010100.00000000</Type>
        </Entry>
        <Entry>
            <Register>Elements</Register>
            <NamespaceName>http://www.smpte-ra.org/reg/335/2012</NamespaceName>
            <Symbol>VC6Bitrate</Symbol>
            <UL>urn:smpte:ul:060e2b34.0101010e.0401060d.05000000</UL>
            <Kind>LEAF</Kind>
            <Name>VC6 Bitrate</Name>
            <Definition>Target CBR bitrate or Maximum VBR bitrate in bits per second</Definition>
            <DefiningDocument>SMPTE ST 2117-10</DefiningDocument>
            <IsDeprecated>false</IsDeprecated>
            <ContextScope>DefinedContext</ContextScope>
            <Type>urn:smpte:ul:060e2b34.01040101.01010400.00000000</Type>
        </Entry>
        <Entry>
            <Register>Elements</Register>
            <NamespaceName>http://www.smpte-ra.org/reg/335/2012</NamespaceName>
            <Symbol>VC6CompressedFrameMax</Symbol>
            <UL>urn:smpte:ul:060e2b34.0101010e.0401060d.06000000</UL>
            <Kind>LEAF</Kind>
            <Name>VC6 Compressed Frame Max</Name>
            <Definition>Maximum Size in bits of a Compressed Frame in the Generic Container</Definition>
            <DefiningDocument>SMPTE ST 2117-10</DefiningDocument>
            <IsDeprecated>false</IsDeprecated>
            <ContextScope>DefinedContext</ContextScope>
            <Type>urn:smpte:ul:060e2b34.01040101.01010400.00000000</Type>
        </Entry>
        <Entry>
            <Register>Elements</Register>
            <NamespaceName>http://www.smpte-ra.org/reg/335/2012</NamespaceName>
            <Symbol>VC6CompressedFrameAvg</Symbol>
            <UL>urn:smpte:ul:060e2b34.0101010e.0401060d.07000000</UL>
            <Kind>LEAF</Kind>
            <Name>VC6 Compressed Frame Avg</Name>
            <Definition>Average Size in bits of a Compressed Frame in the Generic Container</Definition>
            <DefiningDocument>SMPTE ST 2117-10</DefiningDocument>
            <IsDeprecated>false</IsDeprecated>
            <ContextScope>DefinedContext</ContextScope>
            <Type>urn:smpte:ul:060e2b34.01040101.01010400.00000000</Type>
        </Entry>
        <Entry>
            <Register>Elements</Register>
            <NamespaceName>http://www.smpte-ra.org/reg/335/2012</NamespaceName>
            <Symbol>VC6MaxNoOfEchelons</Symbol>
            <UL>urn:smpte:ul:060e2b34.0101010e.0401060d.08000000</UL>
            <Kind>LEAF</Kind>
            <Name>VC6 Max No Of Echelons</Name>
            <Definition>Maximum Number of Echelons in any Frame in the Generic Container</Definition>
            <DefiningDocument>SMPTE ST 2117-10</DefiningDocument>
            <IsDeprecated>false</IsDeprecated>
            <ContextScope>DefinedContext</ContextScope>
            <Type>urn:smpte:ul:060e2b34.01040101.01010100.00000000</Type>
        </Entry>
        <Entry>
            <Register>Elements</Register>
            <NamespaceName>http://www.smpte-ra.org/reg/335/2012</NamespaceName>
            <Symbol>VC6EchelonVector</Symbol>
            <UL>urn:smpte:ul:060e2b34.0101010e.0401060d.09000000</UL>
            <Kind>LEAF</Kind>
            <Name>File Descriptors</Name>
            <Definition>Specifies a vector of an ordered set of references to VC6EchelonProperties sets</Definition>
            <DefiningDocument>SMPTE ST 2117-10</DefiningDocument>
            <IsDeprecated>false</IsDeprecated>
            <ContextScope>UnknownContext</ContextScope>
            <Type>urn:smpte:ul:060e2b34.01040101.05060e01.00000000</Type>
            <ValueLength>Variable</ValueLength>
        </Entry>
        <Entry>
            <Register>Elements</Register>
            <NamespaceName>http://www.smpte-ra.org/reg/335/2012</NamespaceName>
            <Symbol>VC6EchelonIndex</Symbol>
            <UL>urn:smpte:ul:060e2b34.0101010e.0401060d.0a000000</UL>
            <Kind>LEAF</Kind>
            <Name>VC6 Echelon Index</Name>
            <Definition>[Req] Signed Index of this Echelon as identified in ST 2117-1:2020 §4.8.9</Definition>
            <DefiningDocument>SMPTE ST 2117-10</DefiningDocument>
            <IsDeprecated>false</IsDeprecated>
            <ContextScope>DefinedContext</ContextScope>
            <Type>urn:smpte:ul:060e2b34.01040101.01010300.00000000</Type>
        </Entry>
        <Entry>
            <Register>Elements</Register>
            <NamespaceName>http://www.smpte-ra.org/reg/335/2012</NamespaceName>
            <Symbol>VC6SampledHeight</Symbol>
            <UL>urn:smpte:ul:060e2b34.0101010e.0401060d.0b000000</UL>
            <Kind>LEAF</Kind>
            <Name>VC6 Sampled Height</Name>
            <Definition>[Req] Sampled Height of the reconstructed pixel grid for the echelon</Definition>
            <DefiningDocument>SMPTE ST 2117-10</DefiningDocument>
            <IsDeprecated>false</IsDeprecated>
            <ContextScope>DefinedContext</ContextScope>
            <Type>urn:smpte:ul:060e2b34.01040101.01010300.00000000</Type>
        </Entry>
        <Entry>
            <Register>Elements</Register>
            <NamespaceName>http://www.smpte-ra.org/reg/335/2012</NamespaceName>
            <Symbol>VC6SampledWidth</Symbol>
            <UL>urn:smpte:ul:060e2b34.0101010e.0401060d.0c000000</UL>
            <Kind>LEAF</Kind>
            <Name>VC6 Sampled Width</Name>
            <Definition>[Req] Sampled Width of the reconstructed pixel grid for the echelon</Definition>
            <DefiningDocument>SMPTE 330M</DefiningDocument>
            <IsDeprecated>false</IsDeprecated>
            <ContextScope>DefinedContext</ContextScope>
            <Type>urn:smpte:ul:060e2b34.01040101.01010300.00000000</Type>
        </Entry>
    </Entries>
</ElementsRegister>
