<?xml version="1.0" encoding="utf-8"?>
<!-- <?xml-model href="../../register-snapshot/TypesRegister.xsd" ?> -->
<!--                                                                    -->
<!-- Metadata tags to support XML file editing -->
<!-- author= Bruce Devlin (bruce@mrmxf.com) -->
<!-- summary_of_edit= Types Register for ST 2117-10 VC-6 in MXF -->
<!--                                                                    -->
<!-- DO NOT EDIT THIS TAG -->
<!-- master_commit_tag=v000000082 -->
<!-- DO NOT EDIT THIS TAG -->
<!--                                                                    -->

<TypesRegister xmlns="http://www.smpte-ra.org/schemas/2003/2012">
    <Entries>
        <Entry>
            <Register>Types</Register>
            <NamespaceName>http://www.smpte-ra.org/reg/2003/2012</NamespaceName>
            <Symbol>VC6SubDescriptorEchelonStrongReferenceVector</Symbol>
            <UL>urn:smpte:ul:060e2b34.01040101.05060e01.00000000</UL>
            <Kind>LEAF</Kind>
            <Name>VC6 SubDescriptor Echelon Strong Reference Vector</Name>
            <DefiningDocument>SMPTE 330M</DefiningDocument>
            <IsDeprecated>false</IsDeprecated>
            <ContextScope>UnknownContext</ContextScope>
            <TypeKind>VariableArray</TypeKind>
            <BaseType>urn:smpte:ul:060e2b34.01040101.05021c00.00000000</BaseType>
            <TypeQualifiers>isOrdered</TypeQualifiers>
        </Entry>
        <Entry>
            <Register>Types</Register>
            <NamespaceName>http://www.smpte-ra.org/reg/2003/2012</NamespaceName>
            <Symbol>VC6EchelonPropertiesStrongReferenceVector</Symbol>
            <UL>urn:smpte:ul:060e2b34.01040101.05061000.00000000</UL>
            <Kind>LEAF</Kind>
            <Name>KLVDataDefinitionStrongReferenceSet</Name>
            <Applications>AAF[1.1:]</Applications>
            <DefiningDocument>SMPTE 330M</DefiningDocument>
            <IsDeprecated>false</IsDeprecated>
            <ContextScope>UnknownContext</ContextScope>
            <TypeKind>Set</TypeKind>
            <TypeSize>0</TypeSize>
            <BaseType>urn:smpte:ul:060e2b34.01040101.05022000.00000000</BaseType>
            <TypeQualifiers>isIdentified</TypeQualifiers>
        </Entry>
    </Entries>
</TypesRegister>
