<?xml version="1.0" encoding="utf-8"?>
<!-- <?xml-model href="../../register-snapshot/EssenceRegister.xsd" ?> -->
<!--                                                                    -->
<!-- Metadata tags to support XML file editing -->
<!-- author= Essence Bruce Devlin (bruce@mrmxf.com) -->
<!-- summary_of_edit= Register for ST 2117-10 VC-6 in MXF -->
<!--                                                                    -->
<!-- DO NOT EDIT THIS TAG -->
<!-- master_commit_tag=v000000082 -->
<!-- DO NOT EDIT THIS TAG -->
<!--                                                                    -->

<EssenceRegister xmlns="http://www.smpte-ra.org/schemas/2088/2019">
    <Entries>
        <Entry>
            <Register>Essence</Register>
            <NamespaceName>http://www.smpte-ra.org/reg/2088/2019/13/1/aaf</NamespaceName>
            <Symbol>FrameWrappedVC6PictureElement</Symbol>
            <UL>urn:smpte:ul:060E2B34.01020101.0D010301.157f1f7f</UL>
            <Kind>LEAF</Kind>
            <Name>Frame Wrapped VC-6 Picture Element</Name>
            <Definition>Identifies a frame wrapped Picture Element bitstream conforming to ST 2117-1</Definition>
            <DefiningDocument>SMPTE ST 2117-10</DefiningDocument>
            <IsDeprecated>false</IsDeprecated>
        </Entry>
    </Entries>
</EssenceRegister>