<?xml version="1.0" encoding="utf-8"?>
<!-- Metadata tags to support XML file editing -->
<!-- author= Bruce Devlin (bruce@mrmxf.com) -->
<!-- summary_of_edit= Groups Register for ST 2117-10 VC-6 in MXF -->
<!--  -->
<!-- DO NOT EDIT THIS TAG -->
<!-- master_commit_tag=v000000082 -->
<!-- DO NOT EDIT THIS TAG -->
<!--  -->

<GroupsRegister xmlns="http://www.smpte-ra.org/ns/395/2016">
    <Entries>
        <Entry>
            <Register>Groups</Register>
            <NamespaceName>http://www.smpte-ra.org/reg/395/2014/13/1/aaf</NamespaceName>
            <Symbol>VC6SubDescriptor</Symbol>
            <UL>urn:smpte:ul:060e2b34.027f0101.0d010101.01018104</UL><!-- FFV1 subdescriptor is ....03 -->
            <Kind>LEAF</Kind>
            <Name>VC6 Sub-Descriptor</Name>
            <Definition>ST 2117 VC6 Sub-Descriptor</Definition>
            <Applications>MXF</Applications>
            <DefiningDocument>SMPTE ST 2117-10</DefiningDocument>
            <IsDeprecated>false</IsDeprecated>
            <Parent>urn:smpte:ul:060e2b34.027f0101.0d010101.01015900</Parent>
            <IsConcrete>true</IsConcrete>
            <KLVSyntax>06 53</KLVSyntax>
            <Contents>
                <Record>
                    <UL>urn:smpte:ul:060e2b34.0101010e.0401060d.01000000</UL>
                    <IsOptional>true</IsOptional>
                </Record>
                <Record>
                    <UL>urn:smpte:ul:060e2b34.0101010e.0401060d.02000000</UL>
                    <IsOptional>true</IsOptional>
                </Record>
                <Record>
                    <UL>urn:smpte:ul:060e2b34.0101010e.0401060d.03000000</UL>
                    <IsOptional>true</IsOptional>
                </Record>
                <Record>
                    <UL>urn:smpte:ul:060e2b34.0101010e.0401060d.04000000</UL>
                    <IsOptional>true</IsOptional>
                </Record>
                <Record>
                    <UL>urn:smpte:ul:060e2b34.0101010e.0401060d.05000000</UL>
                    <IsOptional>true</IsOptional>
                </Record>
                <Record>
                    <UL>urn:smpte:ul:060e2b34.0101010e.0401060d.06000000</UL>
                    <IsOptional>true</IsOptional>
                </Record>
                <Record>
                    <UL>urn:smpte:ul:060e2b34.0101010e.0401060d.07000000</UL>
                    <IsOptional>true</IsOptional>
                </Record>
                <Record>
                    <UL>urn:smpte:ul:060e2b34.0101010e.0401060d.08000000</UL>
                    <IsOptional>true</IsOptional>
                </Record>
                <Record>
                    <UL>urn:smpte:ul:060e2b34.0101010e.0401060d.09000000</UL>
                    <IsOptional>true</IsOptional>
                </Record>
            </Contents>
        </Entry>
        <Entry>
            <Register>Groups</Register>
            <NamespaceName>http://www.smpte-ra.org/reg/395/2014/13/1/aaf</NamespaceName>
            <Symbol>VC6EchelonProperties</Symbol>
            <UL>urn:smpte:ul:060e2b34.027f0101.0d010101.01018105</UL>
            <Kind>LEAF</Kind>
            <Name>ST 2117 VC6 Echelon Properties</Name>
            <Definition>Property identifiers for and Echelon in a VC-6 bitstream</Definition>
            <DefiningDocument>SMPTE ST 2117-1</DefiningDocument>
            <IsDeprecated>false</IsDeprecated>
            <Parent>urn:smpte:ul:060e2b34.027f0101.0d010101.01018110</Parent>
            <IsConcrete>true</IsConcrete>
            <KLVSyntax>06 53</KLVSyntax>
            <Contents>
                <Record>
                    <UL>urn:smpte:ul:060e2b34.0101010e.0401060d.0a000000</UL>
                    <IsOptional>false</IsOptional>
                </Record>
                <Record>
                    <UL>urn:smpte:ul:060e2b34.0101010e.0401060d.0b000000</UL>
                    <IsOptional>false</IsOptional>
                </Record>
                <Record>
                    <UL>urn:smpte:ul:060e2b34.0101010e.0401060d.0c000000</UL>
                    <IsOptional>false</IsOptional>
                </Record>
            </Contents>
        </Entry>
    </Entries>
</GroupsRegister>
